{
  "119.020378,33.020297": [
    118.973190520827728, 33.036581219221013
  ],
  "119.134770,33.050453": [
    118.968473597061219, 33.016080742851187
  ],
  "119.047294,32.959549": [
    118.965298744526066, 33.002383521913828
  ],
  "118.953104,32.976267": [
    119.00466691596192, 32.989774821845657
  ],
  "118.990507,33.115208": [
    118.984257149664529, 33.016171452923622
  ],
  "119.329601,33.932166": [
    118.997591530312164, 33.029142993281518
  ],
  "119.037427,33.022108": [
    119.02317177073823, 33.024063229225277
  ],
  "119.259396,32.858226": [
    119.007841768497073, 33.016171452923622
  ],
  "119.067008,33.127368": [
    119.015279994436568, 33.001385711117067
  ],
  "118.988228,33.111945": [
    119.031607807474487, 32.993856775105137
  ]
}